date,rf_rate_10y,rf_daily
2020-01-02,3.1485,0.0001249404761904762
2020-01-03,3.1428,0.0001247142857142857
2020-01-06,3.1352,0.00012441269841269843
2020-01-07,3.1379,0.0001245198412698413
2020-01-08,3.1337,0.00012435317460317462
2020-01-09,3.1184,0.00012374603174603174
2020-01-10,3.0819,0.00012229761904761905
2020-01-13,3.084,0.00012238095238095237
2020-01-14,3.0994,0.00012299206349206349
2020-01-15,3.0897,0.00012260714285714286
2020-01-16,3.0918,0.0001226904761904762
2020-01-17,3.0832,0.00012234920634920636
2020-01-20,3.0776,0.00012212698412698413
2020-01-21,3.0337,0.00012038492063492064
2020-01-22,3.0282,0.00012016666666666667
2020-01-23,2.9932,0.00011877777777777778
2020-02-03,2.8231,0.00011202777777777779
2020-02-04,2.8551,0.00011329761904761906
2020-02-05,2.844,0.00011285714285714286
2020-02-06,2.8392,0.00011266666666666666
2020-02-07,2.8024,0.00011120634920634921
2020-02-10,2.7872,0.0001106031746031746
2020-02-11,2.834,0.00011246031746031746
2020-02-12,2.8333,0.00011243253968253969
2020-02-13,2.8201,0.00011190873015873016
2020-02-14,2.8631,0.00011361507936507938
2020-02-17,2.8928,0.00011479365079365079
2020-02-18,2.8664,0.00011374603174603175
2020-02-19,2.8776,0.0001141904761904762
2020-02-20,2.8857,0.00011451190476190476
2020-02-21,2.847,0.00011297619047619047
2020-02-24,2.812,0.00011158730158730159
2020-02-25,2.822,0.000111984126984127
2020-02-26,2.7973,0.00011100396825396825
2020-02-27,2.7702,0.00010992857142857143
2020-02-28,2.7376,0.00010863492063492064
2020-03-02,2.7428,0.00010884126984126984
2020-03-03,2.7478,0.00010903968253968254
2020-03-04,2.673,0.00010607142857142857
2020-03-05,2.6829,0.00010646428571428573
2020-03-06,2.628,0.00010428571428571428
2020-03-09,2.5205,0.00010001984126984127
2020-03-10,2.613,0.00010369047619047619
2020-03-11,2.6079,0.00010348809523809522
2020-03-12,2.6379,0.00010467857142857143
2020-03-13,2.6759,0.00010618650793650793
2020-03-16,2.6758,0.00010618253968253969
2020-03-17,2.7135,0.00010767857142857142
2020-03-18,2.7136,0.00010768253968253968
2020-03-19,2.7299,0.0001083293650793651
2020-03-20,2.6815,0.00010640873015873016
2020-03-23,2.6315,0.00010442460317460316
2020-03-24,2.6289,0.00010432142857142856
2020-03-25,2.6289,0.00010432142857142856
2020-03-26,2.594,0.00010293650793650792
2020-03-27,2.609,0.00010353174603174603
2020-03-30,2.6142,0.00010373809523809523
2020-03-31,2.5899,0.00010277380952380953
2020-04-01,2.555,0.0001013888888888889
2020-04-02,2.5854,0.0001025952380952381
2020-04-03,2.5965,0.00010303571428571428
2020-04-07,2.5112,9.965079365079365e-05
2020-04-08,2.4824,9.850793650793652e-05
2020-04-09,2.5226,0.00010010317460317461
2020-04-10,2.5403,0.00010080555555555555
2020-04-13,2.5658,0.00010181746031746031
2020-04-14,2.5591,0.0001015515873015873
2020-04-15,2.5455,0.00010101190476190477
2020-04-16,2.5276,0.0001003015873015873
2020-04-17,2.559,0.00010154761904761906
2020-04-20,2.592,0.00010285714285714287
2020-04-21,2.5791,0.00010234523809523809
2020-04-22,2.5567,0.00010145634920634922
2020-04-23,2.5227,0.00010010714285714286
2020-04-24,2.51,9.96031746031746e-05
2020-04-27,2.5345,0.00010057539682539682
2020-04-28,2.5254,0.00010021428571428571
2020-04-29,2.5009,9.924206349206349e-05
2020-04-30,2.538,0.00010071428571428571
2020-05-06,2.5809,0.00010241666666666667
2020-05-07,2.6298,0.00010435714285714285
2020-05-08,2.6207,0.00010399603174603173
2020-05-11,2.6698,0.00010594444444444444
2020-05-12,2.6603,0.00010556746031746031
2020-05-13,2.7076,0.00010744444444444445
2020-05-14,2.6989,0.00010709920634920634
2020-05-15,2.682,0.00010642857142857143
2020-05-18,2.7253,0.0001081468253968254
2020-05-19,2.7272,0.00010822222222222221
2020-05-20,2.69,0.00010674603174603174
2020-05-21,2.685,0.00010654761904761904
2020-05-22,2.6176,0.00010387301587301586
2020-05-25,2.6852,0.00010655555555555556
2020-05-26,2.7402,0.00010873809523809524
2020-05-27,2.7527,0.00010923412698412698
2020-05-28,2.7201,0.00010794047619047618
2020-05-29,2.7053,0.0001073531746031746
2020-06-01,2.7253,0.0001081468253968254
2020-06-02,2.7852,0.00011052380952380953
2020-06-03,2.7901,0.00011071825396825396
2020-06-04,2.8301,0.00011230555555555556
2020-06-05,2.8475,0.00011299603174603175
2020-06-08,2.8101,0.00011151190476190476
2020-06-09,2.8031,0.00011123412698412699
2020-06-10,2.8201,0.00011190873015873016
2020-06-11,2.7701,0.00010992460317460316
2020-06-12,2.7451,0.00010893253968253969
2020-06-15,2.7878,0.00011062698412698412
2020-06-16,2.8402,0.0001127063492063492
2020-06-17,2.8802,0.00011429365079365078
2020-06-18,2.8527,0.00011320238095238096
2020-06-19,2.8752,0.00011409523809523809
2020-06-22,2.9153,0.00011568650793650793
2020-06-23,2.9127,0.00011558333333333333
2020-06-24,2.8614,0.00011354761904761905
2020-06-29,2.8504,0.00011311111111111111
2020-06-30,2.823,0.00011202380952380951
2020-07-01,2.8456,0.00011292063492063493
2020-07-02,2.8584,0.00011342857142857144
2020-07-03,2.8974,0.00011497619047619049
2020-07-06,2.9959,0.00011888492063492063
2020-07-07,3.0158,0.00011967460317460318
2020-07-08,3.0632,0.00012155555555555556
2020-07-09,3.0809,0.0001222579365079365
2020-07-10,3.0305,0.0001202579365079365
2020-07-13,3.0557,0.0001212579365079365
2020-07-14,3.0057,0.00011927380952380953
2020-07-15,2.9559,0.00011729761904761906
2020-07-16,2.9459,0.00011690079365079365
2020-07-17,2.9507,0.00011709126984126983
2020-07-20,2.9311,0.00011631349206349205
2020-07-21,2.9011,0.00011512301587301586
2020-07-22,2.8861,0.00011452777777777777
2020-07-23,2.9064,0.00011533333333333334
2020-07-24,2.8612,0.00011353968253968255
2020-07-27,2.8791,0.00011425
2020-07-28,2.9214,0.00011592857142857144
2020-07-29,2.9415,0.00011672619047619048
2020-07-30,2.9364,0.00011652380952380951
2020-07-31,2.9664,0.00011771428571428573
2020-08-03,2.9466,0.00011692857142857144
2020-08-04,2.9365,0.00011652777777777779
2020-08-05,2.9592,0.00011742857142857143
2020-08-06,2.9816,0.00011831746031746031
2020-08-07,2.9918,0.00011872222222222222
2020-08-10,2.9543,0.00011723412698412699
2020-08-11,2.9544,0.00011723809523809525
2020-08-12,2.962,0.00011753968253968254
2020-08-13,2.9555,0.00011728174603174603
2020-08-14,2.9369,0.00011654365079365079
2020-08-17,2.9421,0.00011674999999999999
2020-08-18,2.9771,0.0001181388888888889
2020-08-19,2.9921,0.000118734126984127
2020-08-20,2.9973,0.0001189404761904762
2020-08-21,2.9823,0.00011834523809523808
2020-08-24,2.9998,0.00011903968253968254
2020-08-25,3.0424,0.00012073015873015874
2020-08-26,3.0511,0.00012107539682539683
2020-08-27,3.0599,0.00012142460317460317
2020-08-28,3.0672,0.00012171428571428572
2020-08-31,3.0177,0.00011975
2020-09-01,3.0478,0.00012094444444444445
2020-09-02,3.1027,0.00012312301587301587
2020-09-03,3.1051,0.00012321825396825398
2020-09-04,3.1228,0.0001239206349206349
2020-09-07,3.1454,0.00012481746031746033
2020-09-08,3.123,0.00012392857142857144
2020-09-09,3.0805,0.0001222420634920635
2020-09-10,3.0833,0.0001223531746031746
2020-09-11,3.1346,0.0001243888888888889
2020-09-14,3.1532,0.00012512698412698412
2020-09-15,3.1083,0.0001233452380952381
2020-09-16,3.126,0.00012404761904761903
2020-09-17,3.1334,0.00012434126984126983
2020-09-18,3.1162,0.00012365873015873018
2020-09-21,3.0999,0.00012301190476190477
2020-09-22,3.0863,0.00012247222222222222
2020-09-23,3.089,0.0001225793650793651
2020-09-24,3.084,0.00012238095238095237
2020-09-25,3.1295,0.00012418650793650794
2020-09-28,3.1092,0.00012338095238095237
2020-09-29,3.1292,0.00012417460317460318
2020-09-30,3.1482,0.00012492857142857143
2020-10-09,3.1873,0.00012648015873015873
2020-10-12,3.1861,0.00012643253968253968
2020-10-13,3.195,0.0001267857142857143
2020-10-14,3.215,0.00012757936507936507
2020-10-15,3.23,0.0001281746031746032
2020-10-16,3.2202,0.00012778571428571429
2020-10-19,3.2005,0.00012700396825396826
2020-10-20,3.1955,0.00012680555555555554
2020-10-21,3.1855,0.00012640873015873016
2020-10-22,3.1707,0.00012582142857142856
2020-10-23,3.1957,0.00012681349206349206
2020-10-26,3.1934,0.00012672222222222222
2020-10-27,3.1609,0.00012543253968253968
2020-10-28,3.181,0.00012623015873015873
2020-10-29,3.186,0.00012642857142857142
2020-10-30,3.181,0.00012623015873015873
2020-11-02,3.1785,0.00012613095238095238
2020-11-03,3.1762,0.00012603968253968253
2020-11-04,3.1687,0.0001257420634920635
2020-11-05,3.1912,0.00012663492063492063
2020-11-06,3.2063,0.00012723412698412698
2020-11-09,3.2363,0.00012842460317460318
2020-11-10,3.2241,0.00012794047619047618
2020-11-11,3.2391,0.0001285357142857143
2020-11-12,3.2614,0.00012942063492063494
2020-11-13,3.2715,0.00012982142857142858
2020-11-16,3.2741,0.00012992460317460319
2020-11-17,3.2866,0.0001304206349206349
2020-11-18,3.324,0.0001319047619047619
2020-11-19,3.3487,0.00013288492063492064
2020-11-20,3.31,0.00013134920634920634
2020-11-23,3.265,0.00012956349206349205
2020-11-24,3.29,0.00013055555555555555
2020-11-25,3.2675,0.00012966269841269842
2020-11-26,3.285,0.00013035714285714286
2020-11-27,3.3,0.00013095238095238096
2020-11-30,3.25,0.00012896825396825398
2020-12-01,3.2725,0.0001298611111111111
2020-12-02,3.2925,0.00013065476190476192
2020-12-03,3.2851,0.0001303611111111111
2020-12-04,3.2651,0.0001295674603174603
2020-12-07,3.2701,0.00012976587301587303
2020-12-08,3.2551,0.00012917063492063493
2020-12-09,3.2726,0.00012986507936507937
2020-12-10,3.2601,0.00012936904761904762
2020-12-11,3.2951,0.0001307579365079365
2020-12-14,3.2851,0.0001303611111111111
2020-12-15,3.2777,0.00013006746031746032
2020-12-16,3.2752,0.00012996825396825395
2020-12-17,3.2802,0.00013016666666666667
2020-12-18,3.2902,0.00013056349206349207
2020-12-21,3.2652,0.00012957142857142857
2020-12-22,3.2278,0.00012808730158730158
2020-12-23,3.2153,0.00012759126984126986
2020-12-24,3.2303,0.00012818650793650793
2020-12-25,3.1878,0.0001265
2020-12-28,3.1629,0.00012551190476190474
2020-12-29,3.1554,0.0001252142857142857
2020-12-30,3.1204,0.00012382539682539683
2020-12-31,3.1429,0.00012471825396825396
2021-01-04,3.178,0.00012611111111111113
2021-01-05,3.1305,0.00012422619047619047
2021-01-06,3.1256,0.00012403174603174602
2021-01-07,3.1256,0.00012403174603174602
2021-01-08,3.1456,0.00012482539682539683
2021-01-11,3.1632,0.00012552380952380953
2021-01-12,3.1457,0.00012482936507936506
2021-01-13,3.1157,0.0001236388888888889
2021-01-14,3.1059,0.00012325
2021-01-15,3.1508,0.00012503174603174604
2021-01-18,3.1658,0.00012562698412698413
2021-01-19,3.1609,0.00012543253968253968
2021-01-20,3.161,0.00012543650793650794
2021-01-21,3.1335,0.0001243452380952381
2021-01-22,3.1185,0.00012375
2021-01-25,3.1323,0.00012429761904761904
2021-01-26,3.1585,0.0001253373015873016
2021-01-27,3.1636,0.00012553968253968255
2021-01-28,3.1961,0.00012682936507936506
2021-01-29,3.1786,0.00012613492063492064
2021-02-01,3.1712,0.00012584126984126984
2021-02-02,3.1862,0.00012643650793650794
2021-02-03,3.2112,0.00012742857142857144
2021-02-04,3.2347,0.0001283611111111111
2021-02-05,3.2164,0.00012763492063492062
2021-02-08,3.237,0.00012845238095238095
2021-02-09,3.2303,0.00012818650793650793
2021-02-10,3.2449,0.000128765873015873
2021-02-18,3.2831,0.00013028174603174603
2021-02-19,3.2578,0.0001292777777777778
2021-02-22,3.2736,0.0001299047619047619
2021-02-23,3.2635,0.00012950396825396824
2021-02-24,3.2627,0.00012947222222222223
2021-02-25,3.2723,0.00012985317460317462
2021-02-26,3.2798,0.00013015079365079365
2021-03-01,3.2475,0.00012886904761904764
2021-03-02,3.2474,0.00012886507936507935
2021-03-03,3.2553,0.00012917857142857143
2021-03-04,3.2655,0.00012958333333333333
2021-03-05,3.2457,0.00012879761904761904
2021-03-08,3.2404,0.0001285873015873016
2021-03-09,3.2478,0.0001288809523809524
2021-03-10,3.2353,0.00012838492063492064
2021-03-11,3.2506,0.0001289920634920635
2021-03-12,3.2613,0.00012941666666666665
2021-03-15,3.274,0.00012992063492063492
2021-03-16,3.2614,0.00012942063492063494
2021-03-17,3.2564,0.00012922222222222222
2021-03-18,3.2592,0.00012933333333333332
2021-03-19,3.2364,0.00012842857142857144
2021-03-22,3.2309,0.00012821031746031747
2021-03-23,3.2105,0.00012740079365079366
2021-03-24,3.193,0.0001267063492063492
2021-03-25,3.1882,0.00012651587301587303
2021-03-26,3.1985,0.00012692460317460317
2021-03-29,3.1962,0.00012683333333333334
2021-03-30,3.206,0.00012722222222222223
2021-03-31,3.1887,0.00012653571428571428
2021-04-01,3.196,0.00012682539682539682
2021-04-02,3.2013,0.0001270357142857143
2021-04-06,3.2087,0.00012732936507936507
2021-04-07,3.2215,0.0001278373015873016
2021-04-08,3.2221,0.00012786111111111112
2021-04-09,3.2121,0.0001274642857142857
2021-04-12,3.1948,0.00012677777777777777
2021-04-13,3.1626,0.00012550000000000001
2021-04-14,3.1651,0.00012559920634920633
2021-04-15,3.1728,0.0001259047619047619
2021-04-16,3.1631,0.00012551984126984127
2021-04-19,3.1559,0.00012523412698412696
2021-04-20,3.1554,0.0001252142857142857
2021-04-21,3.153,0.00012511904761904763
2021-04-22,3.1614,0.00012545238095238096
2021-04-23,3.1719,0.00012586904761904762
2021-04-26,3.2024,0.00012707936507936506
2021-04-27,3.2078,0.0001272936507936508
2021-04-28,3.1979,0.00012690079365079365
2021-04-29,3.1872,0.00012647619047619047
2021-04-30,3.164,0.00012555555555555557
2021-05-06,3.1507,0.00012502777777777778
2021-05-07,3.1589,0.0001253531746031746
2021-05-10,3.146,0.00012484126984126985
2021-05-11,3.138,0.0001245238095238095
2021-05-12,3.131,0.00012424603174603172
2021-05-13,3.1366,0.00012446825396825395
2021-05-14,3.1422,0.00012469047619047618
2021-05-17,3.1524,0.0001250952380952381
2021-05-18,3.1457,0.00012482936507936506
2021-05-19,3.1298,0.0001241984126984127
2021-05-20,3.1001,0.00012301984126984126
2021-05-21,3.0876,0.00012252380952380954
2021-05-24,3.085,0.0001224206349206349
2021-05-25,3.085,0.0001224206349206349
2021-05-26,3.06,0.00012142857142857144
2021-05-27,3.0725,0.00012192460317460317
2021-05-28,3.0825,0.00012232142857142859
2021-05-31,3.045,0.00012083333333333332
2021-06-01,3.04,0.00012063492063492063
2021-06-02,3.065,0.00012162698412698413
2021-06-03,3.055,0.00012123015873015873
2021-06-04,3.0925,0.00012271825396825397
2021-06-07,3.11,0.0001234126984126984
2021-06-08,3.11,0.0001234126984126984
2021-06-09,3.1051,0.00012321825396825398
2021-06-10,3.1,0.00012301587301587303
2021-06-11,3.1276,0.0001241111111111111
2021-06-15,3.1176,0.0001237142857142857
2021-06-16,3.1301,0.00012421031746031748
2021-06-17,3.1401,0.00012460714285714286
2021-06-18,3.1202,0.0001238174603174603
2021-06-21,3.0953,0.00012282936507936507
2021-06-22,3.0877,0.00012252777777777777
2021-06-23,3.0853,0.0001224325396825397
2021-06-24,3.0828,0.00012233333333333334
2021-06-25,3.0827,0.00012232936507936508
2021-06-28,3.0903,0.00012263095238095238
2021-06-29,3.0853,0.0001224325396825397
2021-06-30,3.0778,0.00012213492063492063
2021-07-01,3.0878,0.00012253174603174603
2021-07-02,3.0803,0.00012223412698412697
2021-07-05,3.0754,0.00012203968253968254
2021-07-06,3.0854,0.00012243650793650792
2021-07-07,3.0554,0.00012124603174603174
2021-07-08,2.983,0.00011837301587301589
2021-07-09,3.0105,0.00011946428571428572
2021-07-12,2.9431,0.00011678968253968254
2021-07-13,2.9256,0.0001160952380952381
2021-07-14,2.9356,0.00011649206349206349
2021-07-15,2.9557,0.00011728968253968255
2021-07-16,2.9432,0.0001167936507936508
2021-07-19,2.9483,0.00011699603174603175
2021-07-20,2.9258,0.00011610317460317462
2021-07-21,2.9184,0.00011580952380952382
2021-07-22,2.9284,0.0001162063492063492
2021-07-23,2.9134,0.00011561111111111113
2021-07-26,2.8711,0.00011393253968253968
2021-07-27,2.911,0.00011551587301587302
2021-07-28,2.9312,0.00011631746031746033
2021-07-29,2.884,0.00011444444444444444
2021-07-30,2.8363,0.0001125515873015873
2021-08-02,2.8212,0.00011195238095238096
2021-08-03,2.8337,0.0001124484126984127
2021-08-04,2.8338,0.00011245238095238096
2021-08-05,2.7988,0.00011106349206349206
2021-08-06,2.8139,0.0001116626984126984
2021-08-09,2.8615,0.0001135515873015873
2021-08-10,2.8766,0.00011415079365079365
2021-08-11,2.8841,0.0001144484126984127
2021-08-12,2.8566,0.00011335714285714284
2021-08-13,2.8792,0.00011425396825396825
2021-08-16,2.8943,0.0001148531746031746
2021-08-17,2.8819,0.0001143611111111111
2021-08-18,2.8494,0.00011307142857142858
2021-08-19,2.8395,0.00011267857142857143
2021-08-20,2.852,0.00011317460317460317
2021-08-23,2.8672,0.00011377777777777778
2021-08-24,2.8522,0.00011318253968253968
2021-08-25,2.8547,0.00011328174603174602
2021-08-26,2.8848,0.00011447619047619048
2021-08-27,2.8698,0.00011388095238095238
2021-08-30,2.8505,0.00011311507936507936
2021-08-31,2.845,0.0001128968253968254
2021-09-01,2.8226,0.00011200793650793651
2021-09-02,2.8301,0.00011230555555555556
2021-09-03,2.8327,0.00011240873015873016
2021-09-06,2.8354,0.00011251587301587302
2021-09-07,2.8604,0.0001135079365079365
2021-09-08,2.8705,0.00011390873015873014
2021-09-09,2.873,0.00011400793650793652
2021-09-10,2.8656,0.00011371428571428572
2021-09-13,2.8908,0.00011471428571428571
2021-09-14,2.8858,0.00011451587301587302
2021-09-15,2.9009,0.00011511507936507937
2021-09-16,2.8885,0.00011462301587301588
2021-09-17,2.8785,0.00011422619047619047
2021-09-22,2.8639,0.00011364682539682541
2021-09-23,2.8565,0.00011335317460317461
2021-09-24,2.8719,0.00011396428571428572
2021-09-27,2.8825,0.00011438492063492063
2021-09-28,2.8769,0.00011416269841269841
2021-09-29,2.8646,0.00011367460317460317
2021-09-30,2.8776,0.0001141904761904762
2021-10-08,2.9131,0.00011559920634920635
2021-10-11,2.958,0.00011738095238095239
2021-10-12,2.9657,0.00011768650793650793
2021-10-13,2.9578,0.00011737301587301589
2021-10-14,2.9581,0.00011738492063492063
2021-10-15,2.9683,0.00011778968253968255
2021-10-18,3.0426,0.00012073809523809525
2021-10-19,3.0102,0.00011945238095238096
2021-10-20,2.9978,0.00011896031746031745
2021-10-21,2.9702,0.00011786507936507938
2021-10-22,2.9953,0.0001188611111111111
2021-10-25,2.9879,0.00011856746031746032
2021-10-26,2.978,0.00011817460317460318
2021-10-27,2.9781,0.00011817857142857142
2021-10-28,2.9682,0.00011778571428571429
2021-10-29,2.9732,0.00011798412698412698
2021-11-01,2.9435,0.00011680555555555556
2021-11-02,2.9259,0.00011610714285714285
2021-11-03,2.9385,0.00011660714285714285
2021-11-04,2.9261,0.00011611507936507936
2021-11-05,2.8911,0.00011472619047619047
2021-11-08,2.9013,0.00011513095238095239
2021-11-09,2.8988,0.00011503174603174603
2021-11-10,2.9139,0.00011563095238095237
2021-11-11,2.9365,0.00011652777777777779
2021-11-12,2.9391,0.00011663095238095237
2021-11-15,2.9269,0.0001161468253968254
2021-11-16,2.9244,0.00011604761904761904
2021-11-17,2.9295,0.00011625
2021-11-18,2.9146,0.00011565873015873016
2021-11-19,2.9302,0.00011627777777777778
2021-11-22,2.8876,0.00011458730158730158
2021-11-23,2.8875,0.00011458333333333334
2021-11-24,2.86,0.0001134920634920635
2021-11-25,2.855,0.0001132936507936508
2021-11-26,2.82,0.0001119047619047619
2021-11-29,2.825,0.0001121031746031746
2021-11-30,2.825,0.0001121031746031746
2021-12-01,2.8401,0.00011270238095238095
2021-12-02,2.8601,0.00011349603174603175
2021-12-03,2.8701,0.00011389285714285714
2021-12-06,2.8176,0.0001118095238095238
2021-12-07,2.8451,0.00011290079365079365
2021-12-08,2.8551,0.00011329761904761906
2021-12-09,2.8526,0.0001131984126984127
2021-12-10,2.8426,0.0001128015873015873
2021-12-13,2.8552,0.0001133015873015873
2021-12-14,2.8477,0.00011300396825396826
2021-12-15,2.8502,0.0001131031746031746
2021-12-16,2.8577,0.00011340079365079365
2021-12-17,2.8512,0.00011314285714285713
2021-12-20,2.8533,0.00011322619047619047
2021-12-21,2.8508,0.00011312698412698412
2021-12-22,2.8303,0.00011231349206349205
2021-12-23,2.8143,0.00011167857142857142
2021-12-24,2.8203,0.00011191666666666666
2021-12-27,2.8128,0.00011161904761904762
2021-12-28,2.8004,0.00011112698412698412
2021-12-29,2.7854,0.00011053174603174604
2021-12-30,2.7654,0.00010973809523809524
2021-12-31,2.7754,0.00011013492063492062
2022-01-04,2.7855,0.00011053571428571427
2022-01-05,2.8045,0.00011128968253968254
2022-01-06,2.8205,0.00011192460317460318
2022-01-07,2.8181,0.00011182936507936507
2022-01-10,2.8056,0.00011133333333333333
2022-01-11,2.7957,0.00011094047619047619
2022-01-12,2.7957,0.00011094047619047619
2022-01-13,2.7858,0.00011054761904761904
2022-01-14,2.7935,0.0001108531746031746
2022-01-17,2.786,0.00011055555555555555
2022-01-18,2.7415,0.00010878968253968253
2022-01-19,2.7314,0.00010838888888888888
2022-01-20,2.7271,0.00010821825396825397
2022-01-21,2.71,0.00010753968253968253
2022-01-24,2.6751,0.00010615476190476191
2022-01-25,2.6979,0.00010705952380952382
2022-01-26,2.7146,0.00010772222222222223
2022-01-27,2.7348,0.00010852380952380951
2022-01-28,2.7021,0.00010722619047619049
2022-02-07,2.7256,0.00010815873015873015
2022-02-08,2.7227,0.0001080436507936508
2022-02-09,2.7328,0.00010844444444444446
2022-02-10,2.7328,0.00010844444444444446
2022-02-11,2.7891,0.00011067857142857143
2022-02-14,2.8018,0.00011118253968253969
2022-02-15,2.7968,0.000110984126984127
2022-02-16,2.7892,0.00011068253968253969
2022-02-17,2.7799,0.00011031349206349207
2022-02-18,2.7975,0.00011101190476190476
2022-02-21,2.83,0.00011230158730158731
2022-02-22,2.82,0.0001119047619047619
2022-02-23,2.79,0.00011071428571428572
2022-02-24,2.7875,0.00011061507936507937
2022-02-25,2.775,0.00011011904761904761
2022-02-28,2.775,0.00011011904761904761
2022-03-01,2.8025,0.00011121031746031746
2022-03-02,2.8175,0.00011180555555555556
2022-03-03,2.83,0.00011230158730158731
2022-03-04,2.8125,0.00011160714285714285
2022-03-07,2.8126,0.00011161111111111112
2022-03-08,2.8276,0.0001122063492063492
2022-03-09,2.8426,0.0001128015873015873
2022-03-10,2.8502,0.0001131031746031746
2022-03-11,2.7902,0.00011072222222222222
2022-03-14,2.7677,0.00010982936507936508
2022-03-15,2.8177,0.00011181349206349205
2022-03-16,2.7952,0.00011092063492063491
2022-03-17,2.7876,0.00011061904761904761
2022-03-18,2.7927,0.00011082142857142858
2022-03-21,2.8127,0.00011161507936507936
2022-03-22,2.8302,0.00011230952380952382
2022-03-23,2.8302,0.00011230952380952382
2022-03-24,2.8052,0.00011131746031746032
2022-03-25,2.7972,0.000111
2022-03-28,2.7903,0.00011072619047619047
2022-03-29,2.7853,0.00011052777777777778
2022-03-30,2.7703,0.0001099325396825397
2022-03-31,2.7878,0.00011062698412698412
2022-04-01,2.7743,0.00011009126984126985
2022-04-06,2.7604,0.00010953968253968255
2022-04-07,2.7394,0.0001087063492063492
2022-04-08,2.7529,0.00010924206349206349
2022-04-11,2.768,0.00010984126984126982
2022-04-12,2.7705,0.00010994047619047619
2022-04-13,2.7631,0.0001096468253968254
2022-04-14,2.7656,0.00010974603174603175
2022-04-15,2.7578,0.00010943650793650795
2022-04-18,2.8107,0.0001115357142857143
2022-04-19,2.8208,0.00011193650793650794
2022-04-20,2.833,0.00011242063492063492
2022-04-21,2.8259,0.00011213888888888889
2022-04-22,2.8409,0.00011273412698412698
2022-04-25,2.816,0.00011174603174603173
2022-04-26,2.826,0.00011214285714285715
2022-04-27,2.8411,0.0001127420634920635
2022-04-28,2.8486,0.00011303968253968253
2022-04-29,2.8386,0.00011264285714285715
2022-05-05,2.8282,0.00011223015873015872
2022-05-06,2.8273,0.00011219444444444445
2022-05-09,2.8154,0.00011172222222222222
2022-05-10,2.8089,0.00011146428571428572
2022-05-11,2.824,0.00011206349206349206
2022-05-12,2.8055,0.00011132936507936509
2022-05-13,2.814,0.00011166666666666668
2022-05-16,2.8216,0.00011196825396825398
2022-05-17,2.8178,0.00011181746031746033
2022-05-18,2.7801,0.00011032142857142857
2022-05-19,2.7774,0.00011021428571428571
2022-05-20,2.79,0.00011071428571428572
2022-05-23,2.7675,0.00010982142857142858
2022-05-24,2.765,0.00010972222222222222
2022-05-25,2.7575,0.00010942460317460317
2022-05-26,2.71,0.00010753968253968253
2022-05-27,2.6974,0.00010703968253968254
2022-05-30,2.7225,0.0001080357142857143
2022-05-31,2.7426,0.00010883333333333333
2022-06-01,2.7551,0.00010932936507936509
2022-06-02,2.7601,0.00010952777777777778
2022-06-06,2.7776,0.00011022222222222223
2022-06-07,2.7576,0.00010942857142857142
2022-06-08,2.7661,0.000109765873015873
2022-06-09,2.7576,0.00010942857142857142
2022-06-10,2.7526,0.00010923015873015873
2022-06-13,2.7652,0.00010973015873015873
2022-06-14,2.7702,0.00010992857142857143
2022-06-15,2.7827,0.00011042460317460319
2022-06-16,2.7728,0.00011003174603174604
2022-06-17,2.7752,0.00011012698412698412
2022-06-20,2.7853,0.00011052777777777778
2022-06-21,2.7853,0.00011052777777777778
2022-06-22,2.7773,0.00011021031746031745
2022-06-23,2.7803,0.00011032936507936509
2022-06-24,2.7978,0.00011102380952380952
2022-06-27,2.8329,0.00011241666666666667
2022-06-28,2.8414,0.00011275396825396826
2022-06-29,2.8294,0.00011227777777777778
2022-06-30,2.8205,0.00011192460317460318
2022-07-01,2.8255,0.00011212301587301587
2022-07-04,2.8445,0.00011287698412698414
2022-07-05,2.8333,0.00011243253968253969
2022-07-06,2.8356,0.00011252380952380952
2022-07-07,2.8356,0.00011252380952380952
2022-07-08,2.8384,0.00011263492063492063
2022-07-11,2.8266,0.00011216666666666666
2022-07-12,2.8117,0.00011157539682539683
2022-07-13,2.8067,0.00011137698412698413
2022-07-14,2.7907,0.0001107420634920635
2022-07-15,2.7857,0.0001105436507936508
2022-07-18,2.7837,0.00011046428571428572
2022-07-19,2.7859,0.00011055158730158729
2022-07-20,2.771,0.00010996031746031746
2022-07-21,2.7635,0.00010966269841269841
2022-07-22,2.787,0.00011059523809523809
2022-07-25,2.779,0.00011027777777777777
2022-07-26,2.77,0.00010992063492063491
2022-07-27,2.7701,0.00010992460317460316
2022-07-28,2.785,0.00011051587301587302
2022-07-29,2.756,0.00010936507936507936
2022-08-01,2.7292,0.0001083015873015873
2022-08-02,2.7314,0.00010838888888888888
2022-08-03,2.7218,0.0001080079365079365
2022-08-04,2.7192,0.0001079047619047619
2022-08-05,2.7339,0.00010848809523809525
2022-08-08,2.7409,0.00010876587301587302
2022-08-09,2.74,0.00010873015873015873
2022-08-10,2.7366,0.0001085952380952381
2022-08-11,2.7317,0.00010840079365079365
2022-08-12,2.7347,0.00010851984126984127
2022-08-15,2.6582,0.00010548412698412697
2022-08-16,2.6346,0.00010454761904761903
2022-08-17,2.6124,0.00010366666666666667
2022-08-18,2.58,0.00010238095238095239
2022-08-19,2.5875,0.00010267857142857142
2022-08-22,2.5925,0.00010287698412698411
2022-08-23,2.6075,0.00010347222222222222
2022-08-24,2.61,0.00010357142857142856
2022-08-25,2.639,0.00010472222222222221
2022-08-26,2.643,0.00010488095238095238
2022-08-29,2.6225,0.00010406746031746033
2022-08-30,2.613,0.00010369047619047619
2022-08-31,2.6225,0.00010406746031746033
2022-09-01,2.6125,0.00010367063492063492
2022-09-02,2.6226,0.00010407142857142856
2022-09-05,2.618,0.00010388888888888888
2022-09-06,2.614,0.00010373015873015873
2022-09-07,2.6215,0.00010402777777777778
2022-09-08,2.6256,0.00010419047619047619
2022-09-09,2.635,0.00010456349206349205
2022-09-13,2.6427,0.00010486904761904761
2022-09-14,2.6625,0.0001056547619047619
2022-09-15,2.6625,0.0001056547619047619
2022-09-16,2.673,0.00010607142857142857
2022-09-19,2.675,0.00010615079365079365
2022-09-20,2.664,0.00010571428571428571
2022-09-21,2.6451,0.0001049642857142857
2022-09-22,2.6501,0.00010516269841269841
2022-09-23,2.6802,0.00010635714285714288
2022-09-26,2.7154,0.00010775396825396824
2022-09-27,2.7051,0.00010734523809523809
2022-09-28,2.7401,0.00010873412698412698
2022-09-29,2.7501,0.00010913095238095239
2022-09-30,2.7601,0.00010952777777777778
2022-10-10,2.7402,0.00010873809523809524
2022-10-11,2.7426,0.00010883333333333333
2022-10-12,2.7352,0.00010853968253968253
2022-10-13,2.7252,0.00010814285714285715
2022-10-14,2.6977,0.0001070515873015873
2022-10-17,2.7002,0.00010715079365079366
2022-10-18,2.7002,0.00010715079365079366
2022-10-19,2.7052,0.00010734920634920635
2022-10-20,2.7175,0.00010783730158730158
2022-10-21,2.7278,0.00010824603174603173
2022-10-24,2.7153,0.00010775
2022-10-25,2.7278,0.00010824603174603173
2022-10-26,2.7025,0.0001072420634920635
2022-10-27,2.6953,0.0001069563492063492
2022-10-28,2.6653,0.000105765873015873
2022-10-31,2.6433,0.00010489285714285714
2022-11-01,2.6629,0.00010567063492063492
2022-11-02,2.6854,0.00010656349206349206
2022-11-03,2.6776,0.00010625396825396826
2022-11-04,2.7023,0.00010723412698412699
2022-11-07,2.7003,0.00010715476190476191
2022-11-08,2.6853,0.0001065595238095238
2022-11-09,2.6953,0.0001069563492063492
2022-11-10,2.7028,0.00010725396825396825
2022-11-11,2.7354,0.00010854761904761905
2022-11-14,2.8354,0.00011251587301587302
2022-11-15,2.8155,0.00011172619047619048
2022-11-16,2.8329,0.00011241666666666667
2022-11-17,2.8026,0.00011121428571428571
2022-11-18,2.825,0.0001121031746031746
2022-11-21,2.818,0.00011182539682539682
2022-11-22,2.8276,0.0001122063492063492
2022-11-23,2.7975,0.00011101190476190476
2022-11-24,2.795,0.00011091269841269841
2022-11-25,2.83,0.00011230158730158731
2022-11-28,2.86,0.0001134920634920635
2022-11-29,2.88,0.00011428571428571428
2022-11-30,2.885,0.00011448412698412697
2022-12-01,2.86,0.0001134920634920635
2022-12-02,2.8676,0.0001137936507936508
2022-12-05,2.8902,0.0001146904761904762
2022-12-06,2.9152,0.00011568253968253969
2022-12-07,2.8702,0.0001138968253968254
2022-12-08,2.8853,0.00011449603174603174
2022-12-09,2.8903,0.00011469444444444443
2022-12-12,2.8902,0.0001146904761904762
2022-12-13,2.8952,0.00011488888888888889
2022-12-14,2.8655,0.00011371031746031745
2022-12-15,2.8829,0.00011440079365079363
2022-12-16,2.8856,0.00011450793650793651
2022-12-19,2.8632,0.00011361904761904762
2022-12-20,2.8732,0.00011401587301587302
2022-12-21,2.8606,0.00011351587301587301
2022-12-22,2.8503,0.00011310714285714285
2022-12-23,2.8251,0.00011210714285714285
2022-12-26,2.8378,0.00011261111111111111
2022-12-27,2.8657,0.00011371825396825396
2022-12-28,2.8503,0.00011310714285714285
2022-12-29,2.8376,0.00011260317460317462
2022-12-30,2.8353,0.00011251190476190478
2023-01-03,2.8228,0.00011201587301587302
2023-01-04,2.8103,0.00011151984126984127
2023-01-05,2.8304,0.00011231746031746031
2023-01-06,2.8328,0.00011241269841269842
2023-01-09,2.8428,0.0001128095238095238
2023-01-10,2.8602,0.0001135
2023-01-11,2.8603,0.00011350396825396826
2023-01-12,2.8778,0.00011419841269841271
2023-01-13,2.901,0.00011511904761904761
2023-01-16,2.9167,0.0001157420634920635
2023-01-17,2.9017,0.0001151468253968254
2023-01-18,2.9222,0.00011596031746031747
2023-01-19,2.9145,0.0001156547619047619
2023-01-20,2.9331,0.00011639285714285715
2023-01-30,2.9133,0.00011560714285714286
2023-01-31,2.8977,0.00011498809523809523
2023-02-01,2.9101,0.00011548015873015872
2023-02-02,2.897,0.00011496031746031746
2023-02-03,2.8943,0.0001148531746031746
2023-02-06,2.9017,0.0001151468253968254
2023-02-07,2.8964,0.00011493650793650794
2023-02-08,2.8973,0.00011497222222222221
2023-02-09,2.8912,0.00011473015873015873
2023-02-10,2.9003,0.00011509126984126984
2023-02-13,2.8943,0.0001148531746031746
2023-02-14,2.8914,0.00011473809523809523
2023-02-15,2.8918,0.00011475396825396825
2023-02-16,2.8907,0.00011471031746031745
2023-02-17,2.892,0.00011476190476190475
2023-02-20,2.917,0.00011575396825396824
2023-02-21,2.919,0.00011583333333333333
2023-02-22,2.9175,0.00011577380952380952
2023-02-23,2.922,0.00011595238095238096
2023-02-24,2.9126,0.00011557936507936508
2023-02-27,2.9117,0.0001155436507936508
2023-02-28,2.9017,0.0001151468253968254
2023-03-01,2.8977,0.00011498809523809523
2023-03-02,2.9111,0.00011551984126984127
2023-03-03,2.9026,0.00011518253968253969
2023-03-06,2.8826,0.00011438888888888889
2023-03-07,2.8726,0.00011399206349206348
2023-03-08,2.8828,0.0001143968253968254
2023-03-09,2.8752,0.00011409523809523809
2023-03-10,2.8627,0.00011359920634920635
2023-03-13,2.8703,0.00011390079365079365
2023-03-14,2.8652,0.0001136984126984127
2023-03-15,2.8652,0.0001136984126984127
2023-03-16,2.8552,0.0001133015873015873
2023-03-17,2.8602,0.0001135
2023-03-20,2.8504,0.00011311111111111111
2023-03-21,2.8604,0.0001135079365079365
2023-03-22,2.8577,0.00011340079365079365
2023-03-23,2.8652,0.0001136984126984127
2023-03-24,2.8676,0.0001137936507936508
2023-03-27,2.8551,0.00011329761904761906
2023-03-28,2.8556,0.00011331746031746031
2023-03-29,2.8532,0.00011322222222222223
2023-03-30,2.8603,0.00011350396825396826
2023-03-31,2.8528,0.0001132063492063492
2023-04-03,2.8604,0.0001135079365079365
2023-04-04,2.8584,0.00011342857142857144
2023-04-06,2.8605,0.00011351190476190476
2023-04-07,2.8464,0.00011295238095238095
2023-04-10,2.8455,0.00011291666666666666
2023-04-11,2.8203,0.00011191666666666666
2023-04-12,2.8158,0.00011173809523809524
2023-04-13,2.8277,0.00011221031746031746
2023-04-14,2.8281,0.00011222619047619048
2023-04-17,2.8432,0.00011282539682539682
2023-04-18,2.8319,0.00011237698412698412
2023-04-19,2.8333,0.00011243253968253969
2023-04-20,2.8332,0.00011242857142857144
2023-04-21,2.8258,0.00011213492063492064
2023-04-24,2.8176,0.0001118095238095238
2023-04-25,2.8157,0.00011173412698412699
2023-04-26,2.8058,0.00011134126984126984
2023-04-27,2.7852,0.00011052380952380953
2023-04-28,2.7788,0.00011026984126984128
2023-05-04,2.7613,0.00010957539682539682
2023-05-05,2.7338,0.00010848412698412699
2023-05-08,2.7484,0.00010906349206349207
2023-05-09,2.7383,0.00010866269841269841
2023-05-10,2.721,0.00010797619047619048
2023-05-11,2.701,0.00010718253968253968
2023-05-12,2.7058,0.00010737301587301586
2023-05-15,2.719,0.00010789682539682539
2023-05-16,2.7129,0.0001076547619047619
2023-05-17,2.721,0.00010797619047619048
2023-05-18,2.7184,0.00010787301587301588
2023-05-19,2.7151,0.0001077420634920635
2023-05-22,2.7132,0.00010766666666666666
2023-05-23,2.6962,0.00010699206349206349
2023-05-24,2.7037,0.00010728968253968254
2023-05-25,2.7065,0.00010740079365079367
2023-05-26,2.7205,0.0001079563492063492
2023-05-29,2.695,0.00010694444444444443
2023-05-30,2.7,0.00010714285714285715
2023-05-31,2.685,0.00010654761904761904
2023-06-01,2.6825,0.00010644841269841271
2023-06-02,2.6951,0.0001069484126984127
2023-06-05,2.6926,0.00010684920634920635
2023-06-06,2.6826,0.00010645238095238094
2023-06-07,2.6827,0.0001064563492063492
2023-06-08,2.6822,0.00010643650793650793
2023-06-09,2.6703,0.00010596428571428572
2023-06-12,2.6704,0.00010596825396825396
2023-06-13,2.6227,0.00010407539682539682
2023-06-14,2.6178,0.00010388095238095238
2023-06-15,2.6482,0.00010508730158730159
2023-06-16,2.6626,0.00010565873015873015
2023-06-19,2.6876,0.00010665079365079365
2023-06-20,2.6751,0.00010615476190476191
2023-06-21,2.6701,0.00010595634920634922
2023-06-26,2.6677,0.00010586111111111111
2023-06-27,2.6676,0.00010585714285714286
2023-06-28,2.6651,0.0001057579365079365
2023-06-29,2.6526,0.00010526190476190477
2023-06-30,2.6351,0.00010456746031746031
2023-07-03,2.6402,0.00010476984126984128
2023-07-04,2.6477,0.00010506746031746033
2023-07-05,2.6402,0.00010476984126984128
2023-07-06,2.6392,0.00010473015873015875
2023-07-07,2.6403,0.00010477380952380953
2023-07-10,2.6403,0.00010477380952380953
2023-07-11,2.6353,0.00010457539682539684
2023-07-12,2.6378,0.00010467460317460317
2023-07-13,2.6413,0.00010481349206349207
2023-07-14,2.6444,0.00010493650793650794
2023-07-17,2.6364,0.00010461904761904763
2023-07-18,2.6234,0.0001041031746031746
2023-07-19,2.6233,0.00010409920634920635
2023-07-20,2.6214,0.00010402380952380953
2023-07-21,2.6079,0.00010348809523809522
2023-07-24,2.5934,0.00010291269841269841
2023-07-25,2.663,0.00010567460317460316
2023-07-26,2.643,0.00010488095238095238
2023-07-27,2.6395,0.00010474206349206349
2023-07-28,2.6533,0.00010528968253968254
2023-07-31,2.6597,0.0001055436507936508
2023-08-01,2.6607,0.00010558333333333333
2023-08-02,2.6525,0.0001052579365079365
2023-08-03,2.6435,0.00010490079365079365
2023-08-04,2.6469,0.00010503571428571429
2023-08-07,2.6462,0.0001050079365079365
2023-08-08,2.6454,0.00010497619047619046
2023-08-09,2.6461,0.00010500396825396827
2023-08-10,2.6475,0.0001050595238095238
2023-08-11,2.6381,0.00010468650793650794
2023-08-14,2.6212,0.00010401587301587301
2023-08-15,2.5759,0.00010221825396825395
2023-08-16,2.5649,0.00010178174603174604
2023-08-17,2.5678,0.00010189682539682539
2023-08-18,2.5639,0.00010174206349206348
2023-08-21,2.5403,0.00010080555555555555
2023-08-22,2.5564,0.00010144444444444445
2023-08-23,2.5535,0.00010132936507936509
2023-08-24,2.5543,0.00010136111111111111
2023-08-25,2.5702,0.00010199206349206349
2023-08-28,2.5837,0.00010252777777777777
2023-08-29,2.57,0.00010198412698412697
2023-08-30,2.56,0.00010158730158730159
2023-08-31,2.5575,0.00010148809523809524
2023-09-01,2.585,0.00010257936507936508
2023-09-04,2.6124,0.00010366666666666667
2023-09-05,2.615,0.00010376984126984128
2023-09-06,2.6375,0.00010466269841269842
2023-09-07,2.635,0.00010456349206349205
2023-09-08,2.6375,0.00010466269841269842
2023-09-11,2.63,0.00010436507936507936
2023-09-12,2.623,0.0001040873015873016
2023-09-13,2.615,0.00010376984126984128
2023-09-14,2.6075,0.00010347222222222222
2023-09-15,2.64,0.00010476190476190476
2023-09-18,2.65,0.00010515873015873016
2023-09-19,2.6625,0.0001056547619047619
2023-09-20,2.665,0.00010575396825396826
2023-09-21,2.6576,0.00010546031746031746
2023-09-22,2.6776,0.00010625396825396826
2023-09-25,2.6976,0.00010704761904761905
2023-09-26,2.6951,0.0001069484126984127
2023-09-27,2.6877,0.0001066547619047619
2023-09-28,2.6751,0.00010615476190476191
2023-10-09,2.6702,0.00010596031746031746
2023-10-10,2.6811,0.00010639285714285713
2023-10-11,2.6976,0.00010704761904761905
2023-10-12,2.6911,0.00010678968253968254
2023-10-13,2.6702,0.00010596031746031746
2023-10-16,2.6777,0.00010625793650793652
2023-10-17,2.6882,0.00010667460317460319
2023-10-18,2.7052,0.00010734920634920635
2023-10-19,2.7177,0.00010784523809523809
2023-10-20,2.7052,0.00010734920634920635
2023-10-23,2.7047,0.00010732936507936507
2023-10-24,2.7177,0.00010784523809523809
2023-10-25,2.7052,0.00010734920634920635
2023-10-26,2.7152,0.00010774603174603174
2023-10-27,2.7133,0.00010767063492063491
2023-10-30,2.7141,0.00010770238095238096
2023-10-31,2.6938,0.00010689682539682539
2023-11-01,2.6853,0.0001065595238095238
2023-11-02,2.6553,0.00010536904761904762
2023-11-03,2.6613,0.00010560714285714286
2023-11-06,2.6554,0.00010537301587301588
2023-11-07,2.6632,0.00010568253968253967
2023-11-08,2.6464,0.00010501587301587301
2023-11-09,2.6494,0.00010513492063492063
2023-11-10,2.6444,0.00010493650793650794
2023-11-13,2.6454,0.00010497619047619046
2023-11-14,2.6573,0.00010544841269841271
2023-11-15,2.6633,0.00010568650793650794
2023-11-16,2.6558,0.0001053888888888889
2023-11-17,2.6524,0.00010525396825396826
2023-11-20,2.6584,0.0001054920634920635
2023-11-21,2.6684,0.00010588888888888889
2023-11-22,2.6823,0.00010644047619047619
2023-11-23,2.7023,0.00010723412698412699
2023-11-24,2.7053,0.0001073531746031746
2023-11-27,2.7108,0.00010757142857142857
2023-11-28,2.6898,0.00010673809523809524
2023-11-29,2.6826,0.00010645238095238094
2023-11-30,2.668,0.00010587301587301588
2023-12-01,2.6625,0.0001056547619047619
2023-12-04,2.6725,0.00010605158730158729
2023-12-05,2.665,0.00010575396825396826
2023-12-06,2.6725,0.00010605158730158729
2023-12-07,2.664,0.00010571428571428571
2023-12-08,2.6636,0.0001056984126984127
2023-12-11,2.644,0.00010492063492063493
2023-12-12,2.6375,0.00010466269841269842
2023-12-13,2.6226,0.00010407142857142856
2023-12-14,2.6376,0.00010466666666666667
2023-12-15,2.6227,0.00010407539682539682
2023-12-18,2.6126,0.00010367460317460317
2023-12-19,2.6191,0.00010393253968253967
2023-12-20,2.6222,0.00010405555555555554
2023-12-21,2.5901,0.00010278174603174603
2023-12-22,2.5877,0.00010268650793650793
2023-12-25,2.5678,0.00010189682539682539
2023-12-26,2.5804,0.0001023968253968254
2023-12-27,2.5577,0.00010149603174603175
2023-12-28,2.5694,0.00010196031746031745
2023-12-29,2.5553,0.00010140079365079364
2024-01-02,2.5601,0.00010159126984126984
2024-01-03,2.5531,0.00010131349206349207
2024-01-04,2.5368,0.00010066666666666666
2024-01-05,2.5175,9.990079365079365e-05
2024-01-08,2.5136,9.974603174603174e-05
2024-01-09,2.4862,9.865873015873017e-05
2024-01-10,2.4982,9.913492063492064e-05
2024-01-11,2.4992,9.917460317460317e-05
2024-01-12,2.5172,9.988888888888889e-05
2024-01-15,2.5212,0.00010004761904761905
2024-01-16,2.5252,0.0001002063492063492
2024-01-17,2.5077,9.951190476190475e-05
2024-01-18,2.5092,9.957142857142858e-05
2024-01-19,2.5027,9.931349206349206e-05
2024-01-22,2.4922,9.88968253968254e-05
2024-01-23,2.5042,9.937301587301587e-05
2024-01-24,2.5042,9.937301587301587e-05
2024-01-25,2.4984,9.914285714285716e-05
2024-01-26,2.4994,9.918253968253969e-05
2024-01-29,2.494,9.896825396825398e-05
2024-01-30,2.4557,9.744841269841271e-05
2024-01-31,2.433,9.654761904761904e-05
2024-02-01,2.4354,9.664285714285714e-05
2024-02-02,2.4244,9.62063492063492e-05
2024-02-05,2.4002,9.524603174603174e-05
2024-02-06,2.4525,9.732142857142858e-05
2024-02-07,2.4153,9.584523809523808e-05
2024-02-08,2.4379,9.674206349206348e-05
2024-02-19,2.4344,9.660317460317461e-05
2024-02-20,2.4134,9.576984126984128e-05
2024-02-21,2.4119,9.571031746031746e-05
2024-02-22,2.4033,9.536904761904762e-05
2024-02-23,2.4009,9.527380952380953e-05
2024-02-26,2.3789,9.440079365079363e-05
2024-02-27,2.3809,9.448015873015873e-05
2024-02-28,2.3376,9.276190476190476e-05
2024-02-29,2.3375,9.275793650793651e-05
2024-03-01,2.3675,9.39484126984127e-05
2024-03-04,2.3475,9.315476190476192e-05
2024-03-05,2.3169,9.194047619047619e-05
2024-03-06,2.265,8.988095238095238e-05
2024-03-07,2.2776,9.038095238095238e-05
2024-03-08,2.2825,9.057539682539683e-05
2024-03-11,2.305,9.146825396825398e-05
2024-03-12,2.3476,9.315873015873015e-05
2024-03-13,2.3326,9.256349206349206e-05
2024-03-14,2.3425,9.29563492063492e-05
2024-03-15,2.32,9.206349206349206e-05
2024-03-18,2.2926,9.097619047619049e-05
2024-03-19,2.2801,9.048015873015874e-05
2024-03-20,2.2951,9.107539682539683e-05
2024-03-21,2.2851,9.067857142857143e-05
2024-03-22,2.3051,9.147222222222221e-05
2024-03-25,2.3151,9.186904761904762e-05
2024-03-26,2.3175,9.19642857142857e-05
2024-03-27,2.2876,9.077777777777777e-05
2024-03-28,2.3026,9.137301587301588e-05
2024-03-29,2.2901,9.087698412698412e-05
2024-04-01,2.3082,9.159523809523808e-05
2024-04-02,2.2927,9.098015873015872e-05
2024-04-03,2.2837,9.062301587301588e-05
2024-04-08,2.2822,9.056349206349206e-05
2024-04-09,2.2802,9.048412698412699e-05
2024-04-10,2.2972,9.115873015873017e-05
2024-04-11,2.2928,9.098412698412698e-05
2024-04-12,2.2837,9.062301587301588e-05
2024-04-15,2.2798,9.046825396825397e-05
2024-04-16,2.2723,9.017063492063492e-05
2024-04-17,2.2608,8.971428571428573e-05
2024-04-18,2.2537,8.943253968253967e-05
2024-04-19,2.254,8.944444444444444e-05
2024-04-22,2.2435,8.902777777777778e-05
2024-04-23,2.226,8.833333333333333e-05
2024-04-24,2.2727,9.018650793650794e-05
2024-04-25,2.2612,8.973015873015873e-05
2024-04-26,2.3084,9.16031746031746e-05
2024-04-29,2.353,9.337301587301588e-05
2024-04-30,2.3028,9.138095238095238e-05
2024-05-06,2.3081,9.159126984126985e-05
2024-05-07,2.2896,9.085714285714285e-05
2024-05-08,2.2955,9.109126984126984e-05
2024-05-09,2.3186,9.20079365079365e-05
2024-05-10,2.3122,9.175396825396824e-05
2024-05-13,2.29,9.087301587301587e-05
2024-05-14,2.2938,9.102380952380953e-05
2024-05-15,2.302,9.134920634920634e-05
2024-05-16,2.3147,9.18531746031746e-05
2024-05-17,2.3077,9.157539682539683e-05
2024-05-20,2.3105,9.168650793650793e-05
2024-05-21,2.3141,9.182936507936507e-05
2024-05-22,2.3123,9.175793650793652e-05
2024-05-23,2.3063,9.151984126984125e-05
2024-05-24,2.3134,9.180158730158731e-05
2024-05-27,2.3084,9.16031746031746e-05
2024-05-28,2.2994,9.124603174603175e-05
2024-05-29,2.2776,9.038095238095238e-05
2024-05-30,2.2826,9.057936507936507e-05
2024-05-31,2.2926,9.097619047619049e-05
2024-06-03,2.2853,9.068650793650792e-05
2024-06-04,2.2854,9.069047619047618e-05
2024-06-05,2.2808,9.050793650793651e-05
2024-06-06,2.2828,9.058730158730159e-05
2024-06-07,2.2833,9.060714285714287e-05
2024-06-11,2.2791,9.04404761904762e-05
2024-06-12,2.276,9.031746031746032e-05
2024-06-13,2.2678,8.999206349206348e-05
2024-06-14,2.2558,8.951587301587301e-05
2024-06-17,2.2609,8.971825396825398e-05
2024-06-18,2.2537,8.943253968253967e-05
2024-06-19,2.2429,8.900396825396826e-05
2024-06-20,2.2445,8.906746031746032e-05
2024-06-21,2.2571,8.95674603174603e-05
2024-06-24,2.2451,8.909126984126983e-05
2024-06-25,2.235,8.869047619047619e-05
2024-06-26,2.2225,8.819444444444445e-05
2024-06-27,2.2081,8.762301587301587e-05
2024-06-28,2.2058,8.753174603174604e-05
2024-07-01,2.2486,8.923015873015873e-05
2024-07-02,2.2369,8.876587301587302e-05
2024-07-03,2.2426,8.899206349206349e-05
2024-07-04,2.2502,8.92936507936508e-05
2024-07-05,2.2754,9.029365079365079e-05
2024-07-08,2.2904,9.088888888888889e-05
2024-07-09,2.2698,9.007142857142857e-05
2024-07-10,2.2707,9.010714285714286e-05
2024-07-11,2.2648,8.987301587301589e-05
2024-07-12,2.2604,8.969841269841271e-05
2024-07-15,2.2541,8.94484126984127e-05
2024-07-16,2.2613,8.973412698412698e-05
2024-07-17,2.2598,8.967460317460316e-05
2024-07-18,2.2673,8.997222222222223e-05
2024-07-19,2.2614,8.973809523809524e-05
2024-07-22,2.2461,8.913095238095239e-05
2024-07-23,2.2322,8.857936507936509e-05
2024-07-24,2.2381,8.881349206349208e-05
2024-07-25,2.2168,8.796825396825397e-05
2024-07-26,2.1944,8.707936507936508e-05
2024-07-29,2.1574,8.56111111111111e-05
2024-07-30,2.148,8.523809523809524e-05
2024-07-31,2.1494,8.529365079365079e-05
2024-08-01,2.1297,8.451190476190476e-05
2024-08-02,2.1277,8.443253968253969e-05
2024-08-05,2.1376,8.482539682539682e-05
2024-08-06,2.1491,8.528174603174602e-05
2024-08-07,2.1414,8.497619047619048e-05
2024-08-08,2.181,8.654761904761904e-05
2024-08-09,2.1986,8.724603174603175e-05
2024-08-12,2.2508,8.931746031746032e-05
2024-08-13,2.2255,8.831349206349205e-05
2024-08-14,2.1966,8.716666666666667e-05
2024-08-15,2.205,8.75e-05
2024-08-16,2.1978,8.721428571428572e-05
2024-08-19,2.1816,8.657142857142857e-05
2024-08-20,2.171,8.615079365079364e-05
2024-08-21,2.167,8.599206349206348e-05
2024-08-22,2.1582,8.564285714285714e-05
2024-08-23,2.1547,8.550396825396825e-05
2024-08-26,2.1628,8.582539682539681e-05
2024-08-27,2.1903,8.691666666666667e-05
2024-08-28,2.1673,8.600396825396826e-05
2024-08-29,2.1703,8.612301587301588e-05
2024-08-30,2.1704,8.612698412698412e-05
2024-09-02,2.1457,8.514682539682539e-05
2024-09-03,2.1432,8.504761904761906e-05
2024-09-04,2.1336,8.466666666666667e-05
2024-09-05,2.1338,8.467460317460317e-05
2024-09-06,2.1388,8.487301587301586e-05
2024-09-09,2.1267,8.439285714285715e-05
2024-09-10,2.1143,8.390079365079366e-05
2024-09-11,2.1044,8.35079365079365e-05
2024-09-12,2.0998,8.332539682539683e-05
2024-09-13,2.0724,8.223809523809524e-05
2024-09-18,2.0403,8.09642857142857e-05
2024-09-19,2.045,8.115079365079365e-05
2024-09-20,2.0431,8.107539682539682e-05
2024-09-23,2.0381,8.087698412698413e-05
2024-09-24,2.0728,8.225396825396825e-05
2024-09-25,2.0437,8.109920634920633e-05
2024-09-26,2.0787,8.248809523809524e-05
2024-09-27,2.1714,8.616666666666667e-05
2024-09-30,2.1518,8.53888888888889e-05
2024-10-08,2.1928,8.701587301587302e-05
2024-10-09,2.176,8.634920634920635e-05
2024-10-10,2.1441,8.508333333333333e-05
2024-10-11,2.1392,8.488888888888889e-05
2024-10-14,2.1368,8.47936507936508e-05
2024-10-15,2.1254,8.434126984126984e-05
2024-10-16,2.1331,8.464682539682541e-05
2024-10-17,2.1084,8.366666666666668e-05
2024-10-18,2.1209,8.416269841269841e-05
2024-10-21,2.1211,8.417063492063492e-05
2024-10-22,2.1458,8.515079365079364e-05
2024-10-23,2.1559,8.55515873015873e-05
2024-10-24,2.1661,8.595634920634921e-05
2024-10-25,2.1539,8.547222222222223e-05
2024-10-28,2.1617,8.578174603174603e-05
2024-10-29,2.1598,8.570634920634922e-05
2024-10-30,2.1597,8.570238095238094e-05
2024-10-31,2.1476,8.522222222222224e-05
2024-11-01,2.1406,8.494444444444446e-05
2024-11-04,2.1275,8.442460317460316e-05
2024-11-05,2.1106,8.375396825396825e-05
2024-11-06,2.1234,8.426190476190477e-05
2024-11-07,2.1115,8.378968253968254e-05
2024-11-08,2.1067,8.359920634920634e-05
2024-11-11,2.092,8.301587301587302e-05
2024-11-12,2.0729,8.225793650793652e-05
2024-11-13,2.0876,8.284126984126985e-05
2024-11-14,2.0808,8.257142857142857e-05
2024-11-15,2.0948,8.312698412698413e-05
2024-11-18,2.1117,8.379761904761904e-05
2024-11-19,2.0947,8.312301587301587e-05
2024-11-20,2.1025,8.343253968253969e-05
2024-11-21,2.0843,8.271031746031745e-05
2024-11-22,2.0832,8.266666666666668e-05
2024-11-25,2.0682,8.207142857142857e-05
2024-11-26,2.0657,8.197222222222223e-05
2024-11-27,2.0553,8.15595238095238e-05
2024-11-28,2.0304,8.057142857142859e-05
2024-11-29,2.0206,8.018253968253968e-05
2024-12-02,1.981,7.861111111111111e-05
2024-12-03,1.9886,7.891269841269842e-05
2024-12-04,1.9612,7.782539682539682e-05
2024-12-05,1.9462,7.723015873015873e-05
2024-12-06,1.9539,7.753571428571428e-05
2024-12-09,1.9168,7.606349206349206e-05
2024-12-10,1.8468,7.328571428571428e-05
2024-12-11,1.8218,7.22936507936508e-05
2024-12-12,1.8172,7.211111111111112e-05
2024-12-13,1.7771,7.051984126984126e-05
2024-12-16,1.7215,6.831349206349207e-05
2024-12-17,1.7237,6.840079365079364e-05
2024-12-18,1.7564,6.96984126984127e-05
2024-12-19,1.7417,6.911507936507937e-05
2024-12-20,1.7018,6.753174603174602e-05
2024-12-23,1.7019,6.753571428571429e-05
2024-12-24,1.7166,6.811904761904762e-05
2024-12-25,1.7365,6.890873015873015e-05
2024-12-26,1.7122,6.794444444444444e-05
2024-12-27,1.6929,6.717857142857143e-05
2024-12-30,1.7128,6.796825396825398e-05
2024-12-31,1.6752,6.647619047619048e-05
2025-01-02,1.6077,6.379761904761903e-05
2025-01-03,1.6041,6.365476190476191e-05
2025-01-06,1.5966,6.335714285714286e-05
2025-01-07,1.6093,6.38611111111111e-05
2025-01-08,1.6069,6.376587301587301e-05
2025-01-09,1.6368,6.495238095238095e-05
2025-01-10,1.6338,6.483333333333333e-05
2025-01-13,1.6592,6.584126984126983e-05
2025-01-14,1.6446,6.526190476190477e-05
2025-01-15,1.633,6.48015873015873e-05
2025-01-16,1.6394,6.505555555555555e-05
2025-01-17,1.6593,6.58452380952381e-05
2025-01-20,1.6747,6.645634920634921e-05
2025-01-21,1.6496,6.546031746031746e-05
2025-01-22,1.6602,6.588095238095238e-05
2025-01-23,1.6645,6.605158730158731e-05
2025-01-24,1.6565,6.573412698412698e-05
2025-01-27,1.6299,6.467857142857142e-05
2025-02-05,1.6207,6.431349206349206e-05
2025-02-06,1.5958,6.332539682539682e-05
2025-02-07,1.6032,6.361904761904762e-05
2025-02-10,1.6342,6.484920634920636e-05
2025-02-11,1.6274,6.457936507936507e-05
2025-02-12,1.6336,6.482539682539682e-05
2025-02-13,1.6346,6.486507936507936e-05
2025-02-14,1.6546,6.565873015873016e-05
2025-02-17,1.6934,6.71984126984127e-05
2025-02-18,1.7006,6.748412698412698e-05
2025-02-19,1.6626,6.597619047619048e-05
2025-02-20,1.685,6.686507936507937e-05
2025-02-21,1.72,6.825396825396825e-05
2025-02-24,1.7625,6.994047619047618e-05
2025-02-25,1.7275,6.85515873015873e-05
2025-02-26,1.7251,6.845634920634922e-05
2025-02-27,1.7576,6.974603174603175e-05
2025-02-28,1.7152,6.806349206349206e-05
2025-03-03,1.6955,6.728174603174603e-05
2025-03-04,1.7079,6.777380952380952e-05
2025-03-05,1.7083,6.778968253968254e-05
2025-03-06,1.7455,6.926587301587302e-05
2025-03-07,1.8002,7.143650793650794e-05
2025-03-10,1.8128,7.193650793650793e-05
2025-03-11,1.8853,7.481349206349206e-05
2025-03-12,1.8334,7.275396825396825e-05
2025-03-13,1.8565,7.367063492063493e-05
2025-03-14,1.8317,7.268650793650793e-05
2025-03-17,1.8957,7.522619047619047e-05
2025-03-18,1.8885,7.494047619047618e-05
2025-03-19,1.8708,7.423809523809523e-05
2025-03-20,1.8309,7.26547619047619e-05
2025-03-21,1.8458,7.324603174603176e-05
2025-03-24,1.8413,7.306746031746031e-05
2025-03-25,1.8183,7.215476190476191e-05
2025-03-26,1.7943,7.120238095238096e-05
2025-03-27,1.8062,7.167460317460318e-05
2025-03-28,1.8126,7.192857142857143e-05
2025-03-31,1.8129,7.194047619047619e-05
2025-04-01,1.8104,7.184126984126983e-05
2025-04-02,1.7887,7.098015873015872e-05
2025-04-03,1.718,6.817460317460317e-05
2025-04-07,1.6318,6.475396825396825e-05
2025-04-08,1.6633,6.600396825396825e-05
2025-04-09,1.6508,6.550793650793652e-05
2025-04-10,1.6444,6.525396825396826e-05
2025-04-11,1.6568,6.574603174603174e-05
2025-04-14,1.6584,6.580952380952381e-05
2025-04-15,1.6583,6.580555555555556e-05
2025-04-16,1.643,6.51984126984127e-05
2025-04-17,1.6522,6.556349206349205e-05
2025-04-18,1.6493,6.54484126984127e-05
2025-04-21,1.6664,6.612698412698414e-05
2025-04-22,1.6509,6.551190476190476e-05
2025-04-23,1.6611,6.591666666666667e-05
2025-04-24,1.664,6.603174603174603e-05
2025-04-25,1.6606,6.58968253968254e-05
2025-04-28,1.6483,6.540873015873016e-05
2025-04-29,1.6241,6.44484126984127e-05
2025-04-30,1.6243,6.44563492063492e-05
2025-05-06,1.6298,6.467460317460317e-05
2025-05-07,1.6418,6.515079365079364e-05
2025-05-08,1.6331,6.480555555555555e-05
2025-05-09,1.6351,6.488492063492064e-05
2025-05-12,1.688,6.698412698412698e-05
2025-05-13,1.6704,6.628571428571428e-05
2025-05-14,1.6736,6.641269841269842e-05
2025-05-15,1.6798,6.665873015873016e-05
2025-05-16,1.6793,6.663888888888888e-05
2025-05-19,1.6893,6.703571428571429e-05
2025-05-20,1.7004,6.747619047619047e-05
2025-05-21,1.71,6.785714285714286e-05
2025-05-22,1.7186,6.81984126984127e-05
2025-05-23,1.7208,6.828571428571429e-05
2025-05-26,1.7201,6.825793650793651e-05
2025-05-27,1.7261,6.849603174603174e-05
2025-05-28,1.6832,6.679365079365079e-05
2025-05-29,1.6877,6.697222222222223e-05
2025-05-30,1.6712,6.631746031746032e-05
2025-06-03,1.6764,6.652380952380952e-05
2025-06-04,1.6704,6.628571428571428e-05
2025-06-05,1.6741,6.643253968253968e-05
2025-06-06,1.6547,6.566269841269841e-05
2025-06-09,1.6559,6.571031746031747e-05
2025-06-10,1.6569,6.575e-05
2025-06-11,1.642,6.515873015873016e-05
2025-06-12,1.6475,6.537698412698412e-05
2025-06-13,1.644,6.523809523809524e-05
2025-06-16,1.6432,6.52063492063492e-05
2025-06-17,1.6364,6.493650793650793e-05
2025-06-18,1.6384,6.501587301587301e-05
2025-06-19,1.6425,6.517857142857143e-05
2025-06-20,1.6396,6.506349206349207e-05
2025-06-23,1.6418,6.515079365079364e-05
2025-06-24,1.648,6.539682539682539e-05
2025-06-25,1.6544,6.565079365079365e-05
2025-06-26,1.6462,6.532539682539683e-05
2025-06-27,1.6462,6.532539682539683e-05
2025-06-30,1.6469,6.53531746031746e-05
2025-07-01,1.6433,6.521031746031745e-05
2025-07-02,1.6396,6.506349206349207e-05
2025-07-03,1.6407,6.510714285714286e-05
2025-07-04,1.6433,6.521031746031745e-05
2025-07-07,1.6406,6.51031746031746e-05
2025-07-08,1.6444,6.525396825396826e-05
2025-07-09,1.6446,6.526190476190477e-05
2025-07-10,1.6616,6.593650793650793e-05
2025-07-11,1.6653,6.608333333333333e-05
2025-07-14,1.6726,6.637301587301588e-05
2025-07-15,1.6557,6.570238095238094e-05
2025-07-16,1.6617,6.594047619047619e-05
2025-07-17,1.663,6.599206349206348e-05
2025-07-18,1.6652,6.607936507936508e-05
2025-07-21,1.6774,6.656349206349206e-05
2025-07-22,1.6907,6.709126984126985e-05
2025-07-23,1.7041,6.762301587301587e-05
2025-07-24,1.7376,6.895238095238095e-05
2025-07-25,1.7324,6.874603174603174e-05
2025-07-28,1.7146,6.803968253968253e-05
2025-07-29,1.7466,6.93095238095238e-05
2025-07-30,1.718,6.817460317460317e-05
2025-07-31,1.7044,6.763492063492063e-05
2025-08-01,1.7059,6.769444444444446e-05
2025-08-04,1.7083,6.778968253968254e-05
2025-08-05,1.7061,6.770238095238095e-05
2025-08-06,1.6999,6.745634920634921e-05
2025-08-07,1.6894,6.703968253968253e-05
2025-08-08,1.6891,6.702777777777778e-05
2025-08-11,1.7203,6.826587301587301e-05
2025-08-12,1.7271,6.85357142857143e-05
2025-08-13,1.7262,6.85e-05
2025-08-14,1.7341,6.881349206349206e-05
2025-08-15,1.7465,6.930555555555555e-05
2025-08-18,1.7872,7.092063492063491e-05
2025-08-19,1.7725,7.033730158730159e-05
2025-08-20,1.782,7.071428571428571e-05
2025-08-21,1.7667,7.010714285714285e-05
2025-08-22,1.7818,7.07063492063492e-05
2025-08-25,1.7643,7.001190476190476e-05
2025-08-26,1.7598,6.983333333333333e-05
2025-08-27,1.7988,7.138095238095238e-05
2025-08-28,1.8478,7.332539682539684e-05
2025-08-29,1.8379,7.293253968253968e-05
2025-09-01,1.8257,7.244841269841271e-05
2025-09-02,1.8167,7.209126984126984e-05
2025-09-03,1.7984,7.136507936507936e-05
2025-09-04,1.806,7.166666666666667e-05
2025-09-05,1.826,7.246031746031747e-05
2025-09-08,1.8514,7.346825396825396e-05
2025-09-09,1.8641,7.397222222222222e-05
2025-09-10,1.8992,7.536507936507936e-05
2025-09-11,1.8743,7.437698412698412e-05
2025-09-12,1.867,7.408730158730158e-05
2025-09-15,1.8724,7.43015873015873e-05
2025-09-16,1.8527,7.351984126984128e-05
2025-09-17,1.8349,7.281349206349207e-05
2025-09-18,1.8546,7.35952380952381e-05
2025-09-19,1.8789,7.455952380952381e-05
2025-09-22,1.8647,7.399603174603175e-05
2025-09-23,1.877,7.448412698412698e-05
2025-09-24,1.9022,7.548412698412697e-05
2025-09-25,1.884,7.476190476190476e-05
2025-09-26,1.8768,7.447619047619048e-05
2025-09-29,1.887,7.488095238095238e-05
2025-09-30,1.8605,7.382936507936508e-05
2025-10-09,1.8466,7.327777777777778e-05
2025-10-10,1.846,7.325396825396825e-05
2025-10-13,1.8383,7.29484126984127e-05
2025-10-14,1.8368,7.288888888888888e-05
2025-10-15,1.8449,7.321031746031746e-05
2025-10-16,1.8407,7.304365079365079e-05
2025-10-17,1.8246,7.24047619047619e-05
2025-10-20,1.8498,7.34047619047619e-05
2025-10-21,1.8357,7.28452380952381e-05
2025-10-22,1.8293,7.259126984126984e-05
2025-10-23,1.8391,7.298015873015873e-05
2025-10-24,1.8486,7.335714285714286e-05
2025-10-27,1.8423,7.310714285714287e-05
2025-10-28,1.8179,7.213888888888889e-05
2025-10-29,1.8208,7.225396825396824e-05
2025-10-30,1.8098,7.181746031746032e-05
2025-10-31,1.7954,7.124603174603175e-05
2025-11-03,1.7944,7.120634920634922e-05
2025-11-04,1.7984,7.136507936507936e-05
2025-11-05,1.7964,7.12857142857143e-05
2025-11-06,1.81,7.182539682539683e-05
2025-11-07,1.8142,7.19920634920635e-05
2025-11-10,1.8139,7.198015873015874e-05
2025-11-11,1.8119,7.190079365079364e-05
2025-11-12,1.8071,7.171031746031746e-05
2025-11-13,1.8126,7.192857142857143e-05
2025-11-14,1.814,7.198412698412698e-05
2025-11-17,1.8109,7.186111111111111e-05
2025-11-18,1.8121,7.190873015873017e-05
2025-11-19,1.8179,7.213888888888889e-05
2025-11-20,1.8135,7.19642857142857e-05
2025-11-21,1.8166,7.208730158730159e-05
2025-11-24,1.821,7.226190476190476e-05
2025-11-25,1.8301,7.262301587301587e-05
2025-11-26,1.8462,7.326190476190476e-05
2025-11-27,1.8537,7.35595238095238e-05
2025-11-28,1.8412,7.306349206349206e-05
2025-12-01,1.8366,7.288095238095239e-05
2025-12-02,1.8442,7.318253968253968e-05
2025-12-03,1.8519,7.348809523809524e-05
2025-12-04,1.8718,7.427777777777778e-05
2025-12-05,1.848,7.333333333333333e-05
2025-12-08,1.8499,7.340873015873016e-05
2025-12-09,1.8425,7.311507936507936e-05
2025-12-10,1.8447,7.320238095238096e-05
2025-12-11,1.8404,7.303174603174604e-05
2025-12-12,1.8396,7.3e-05
2025-12-15,1.8488,7.336507936507937e-05
2025-12-16,1.8458,7.324603174603176e-05
2025-12-17,1.834,7.277777777777778e-05
2025-12-18,1.8356,7.284126984126983e-05
2025-12-19,1.8308,7.265079365079366e-05
2025-12-22,1.8415,7.307539682539683e-05
2025-12-23,1.8352,7.282539682539682e-05
2025-12-24,1.8356,7.284126984126983e-05
2025-12-25,1.8386,7.296031746031745e-05
2025-12-26,1.8376,7.292063492063492e-05
2025-12-29,1.8584,7.374603174603174e-05
2025-12-30,1.8582,7.373809523809525e-05
2025-12-31,1.8473,7.330555555555556e-05
2026-01-05,1.8584,7.374603174603174e-05
2026-01-06,1.8829,7.471825396825396e-05
2026-01-07,1.9019,7.547222222222222e-05
2026-01-08,1.8905,7.501984126984127e-05
2026-01-09,1.8782,7.453174603174603e-05
2026-01-12,1.8585,7.375e-05
2026-01-13,1.8519,7.348809523809524e-05
2026-01-14,1.8494,7.338888888888888e-05
2026-01-15,1.8544,7.35873015873016e-05
2026-01-16,1.8424,7.311111111111111e-05
2026-01-19,1.8393,7.298809523809524e-05
2026-01-20,1.8326,7.272222222222222e-05
2026-01-21,1.8312,7.266666666666667e-05
2026-01-22,1.8425,7.311507936507936e-05
2026-01-23,1.8298,7.261111111111112e-05
2026-01-26,1.8242,7.23888888888889e-05
2026-01-27,1.8311,7.266269841269842e-05
2026-01-28,1.8164,7.207936507936508e-05
2026-01-29,1.8174,7.211904761904761e-05
2026-01-30,1.8112,7.187301587301587e-05
2026-02-02,1.82,7.222222222222223e-05
2026-02-03,1.8172,7.211111111111112e-05
2026-02-04,1.8193,7.219444444444444e-05
2026-02-05,1.8169,7.209920634920636e-05
2026-02-06,1.8102,7.183333333333334e-05
2026-02-09,1.8114,7.188095238095238e-05
2026-02-10,1.8094,7.18015873015873e-05
2026-02-11,1.7994,7.14047619047619e-05
2026-02-12,1.7893,7.100396825396825e-05
2026-02-13,1.7928,7.114285714285714e-05
2026-02-24,1.8023,7.151984126984127e-05
2026-02-25,1.8158,7.205555555555555e-05
2026-02-26,1.8288,7.257142857142857e-05
2026-02-27,1.7877,7.094047619047619e-05
2026-03-02,1.7761,7.048015873015873e-05
2026-03-03,1.7807,7.066269841269841e-05
2026-03-04,1.7768,7.05079365079365e-05
2026-03-05,1.7779,7.05515873015873e-05
2026-03-06,1.781,7.067460317460317e-05
2026-03-09,1.8054,7.164285714285714e-05
2026-03-10,1.8055,7.16468253968254e-05
2026-03-11,1.8075,7.172619047619048e-05
2026-03-12,1.8052,7.163492063492063e-05
2026-03-13,1.8143,7.199603174603174e-05
2026-03-16,1.8312,7.266666666666667e-05
2026-03-17,1.8314,7.267460317460318e-05
2026-03-18,1.8175,7.212301587301587e-05
2026-03-19,1.8252,7.242857142857143e-05
2026-03-20,1.8299,7.261507936507936e-05
2026-03-23,1.8316,7.268253968253969e-05
2026-03-24,1.8272,7.250793650793651e-05
2026-03-25,1.8233,7.23531746031746e-05
2026-03-26,1.8194,7.219841269841269e-05
2026-03-27,1.8172,7.211111111111112e-05
2026-03-30,1.8063,7.167857142857143e-05
2026-03-31,1.8171,7.210714285714286e-05
2026-04-01,1.8244,7.23968253968254e-05
2026-04-02,1.8209,7.22579365079365e-05
2026-04-03,1.8199,7.221825396825397e-05
2026-04-07,1.8171,7.210714285714286e-05
2026-04-08,1.8136,7.196825396825397e-05
